10,urn:ivcap:job:c769c225-9720-425c-8373-a449eebcdbd2,executing
20,urn:ivcap:job:c769c225-9720-425c-8373-a449eebcdbd2,executing
30,urn:ivcap:job:c769c225-9720-425c-8373-a449eebcdbd2,executing
40,urn:ivcap:job:c769c225-9720-425c-8373-a449eebcdbd2,executing
51,urn:ivcap:job:c769c225-9720-425c-8373-a449eebcdbd2,executing
61,urn:ivcap:job:c769c225-9720-425c-8373-a449eebcdbd2,executing
71,urn:ivcap:job:c769c225-9720-425c-8373-a449eebcdbd2,executing
82,urn:ivcap:job:c769c225-9720-425c-8373-a449eebcdbd2,executing
92,urn:ivcap:job:c769c225-9720-425c-8373-a449eebcdbd2,executing
102,urn:ivcap:job:c769c225-9720-425c-8373-a449eebcdbd2,executing
112,urn:ivcap:job:c769c225-9720-425c-8373-a449eebcdbd2,executing
123,urn:ivcap:job:c769c225-9720-425c-8373-a449eebcdbd2,executing
133,urn:ivcap:job:c769c225-9720-425c-8373-a449eebcdbd2,executing
143,urn:ivcap:job:c769c225-9720-425c-8373-a449eebcdbd2,executing
154,urn:ivcap:job:c769c225-9720-425c-8373-a449eebcdbd2,executing
164,urn:ivcap:job:c769c225-9720-425c-8373-a449eebcdbd2,executing
174,urn:ivcap:job:c769c225-9720-425c-8373-a449eebcdbd2,executing
185,urn:ivcap:job:c769c225-9720-425c-8373-a449eebcdbd2,executing
195,urn:ivcap:job:c769c225-9720-425c-8373-a449eebcdbd2,executing
205,urn:ivcap:job:c769c225-9720-425c-8373-a449eebcdbd2,executing
216,urn:ivcap:job:c769c225-9720-425c-8373-a449eebcdbd2,executing
226,urn:ivcap:job:c769c225-9720-425c-8373-a449eebcdbd2,executing
236,urn:ivcap:job:c769c225-9720-425c-8373-a449eebcdbd2,executing
246,urn:ivcap:job:c769c225-9720-425c-8373-a449eebcdbd2,executing
257,urn:ivcap:job:c769c225-9720-425c-8373-a449eebcdbd2,executing
267,urn:ivcap:job:c769c225-9720-425c-8373-a449eebcdbd2,executing
277,urn:ivcap:job:c769c225-9720-425c-8373-a449eebcdbd2,executing
288,urn:ivcap:job:c769c225-9720-425c-8373-a449eebcdbd2,succeeded
